Step,Overall_Compliance,Incentive_Budget_Remaining,Enforcement_Budget_Set,Education_Budget_Set,P_Catch_Set,Edu_Boost_Set,Poblacion Bacolod_Compliance,Liangan East_Compliance,Esperanza_Compliance,Binuni_Compliance,Demologan_Compliance,Mati_Compliance,Babalaya_Compliance
1,0.145,0.0,0,0,0.0,0.0,0.1313364055299539,0.22377622377622378,0.17777777777777778,0.14960629921259844,0.12195121951219512,0.0,0.0
2,0.15,0.0,0,0,0.0,0.0,0.1336405529953917,0.23076923076923078,0.20555555555555555,0.13385826771653545,0.12195121951219512,0.0,0.0
3,0.144,0.0,0,0,0.0,0.0,0.14746543778801843,0.20279720279720279,0.16111111111111112,0.14173228346456693,0.07317073170731707,0.0,0.02702702702702703
4,0.161,0.0,0,0,0.0,0.0,0.15898617511520738,0.26573426573426573,0.18888888888888888,0.12598425196850394,0.0975609756097561,0.0,0.0
5,0.142,0.0,0,0,0.0,0.0,0.11981566820276497,0.23076923076923078,0.2,0.12598425196850394,0.0975609756097561,0.0,0.02702702702702703
6,0.151,0.0,0,0,0.0,0.0,0.1175115207373272,0.2517482517482518,0.20555555555555555,0.1732283464566929,0.12195121951219512,0.0,0.0
7,0.163,0.0,0,0,0.0,0.0,0.12672811059907835,0.27972027972027974,0.23333333333333334,0.14960629921259844,0.14634146341463414,0.02631578947368421,0.0
8,0.143,0.0,0,0,0.0,0.0,0.10138248847926268,0.2727272727272727,0.15555555555555556,0.1968503937007874,0.17073170731707318,0.0,0.0
9,0.156,0.0,0,0,0.0,0.0,0.1543778801843318,0.22377622377622378,0.16666666666666666,0.1732283464566929,0.12195121951219512,0.0,0.0
10,0.147,0.0,0,0,0.0,0.0,0.12211981566820276,0.23076923076923078,0.19444444444444445,0.1732283464566929,0.0975609756097561,0.0,0.0
11,0.131,0.0,0,0,0.0,0.0,0.12672811059907835,0.20279720279720279,0.1388888888888889,0.14960629921259844,0.04878048780487805,0.0,0.02702702702702703
12,0.147,0.0,0,0,0.0,0.0,0.12672811059907835,0.18181818181818182,0.18333333333333332,0.2125984251968504,0.14634146341463414,0.0,0.0
13,0.149,0.0,0,0,0.0,0.0,0.12903225806451613,0.23076923076923078,0.19444444444444445,0.14173228346456693,0.17073170731707318,0.0,0.0
14,0.159,0.0,0,0,0.0,0.0,0.1497695852534562,0.21678321678321677,0.2111111111111111,0.14960629921259844,0.14634146341463414,0.0,0.0
15,0.157,0.0,0,0,0.0,0.0,0.14285714285714285,0.1888111888111888,0.2222222222222222,0.1889763779527559,0.0975609756097561,0.0,0.0
16,0.145,0.0,0,0,0.0,0.0,0.14746543778801843,0.25874125874125875,0.13333333333333333,0.09448818897637795,0.17073170731707318,0.02631578947368421,0.0
17,0.17,0.0,0,0,0.0,0.0,0.15207373271889402,0.24475524475524477,0.22777777777777777,0.18110236220472442,0.0975609756097561,0.02631578947368421,0.0
18,0.156,0.0,0,0,0.0,0.0,0.14285714285714285,0.1958041958041958,0.2388888888888889,0.15748031496062992,0.07317073170731707,0.0,0.0
19,0.137,0.0,0,0,0.0,0.0,0.12672811059907835,0.16083916083916083,0.2,0.14173228346456693,0.12195121951219512,0.0,0.0
20,0.138,0.0,0,0,0.0,0.0,0.1336405529953917,0.18181818181818182,0.18333333333333332,0.13385826771653545,0.07317073170731707,0.02631578947368421,0.0
21,0.146,0.0,0,0,0.0,0.0,0.12211981566820276,0.23776223776223776,0.17222222222222222,0.1968503937007874,0.07317073170731707,0.0,0.0
22,0.142,0.0,0,0,0.0,0.0,0.12211981566820276,0.2097902097902098,0.20555555555555555,0.13385826771653545,0.12195121951219512,0.0,0.0
23,0.137,0.0,0,0,0.0,0.0,0.10829493087557604,0.2097902097902098,0.17777777777777778,0.1889763779527559,0.0975609756097561,0.0,0.0
24,0.157,0.0,0,0,0.0,0.0,0.1313364055299539,0.23076923076923078,0.25,0.12598425196850394,0.14634146341463414,0.0,0.0
25,0.144,0.0,0,0,0.0,0.0,0.14516129032258066,0.20279720279720279,0.17222222222222222,0.12598425196850394,0.12195121951219512,0.0,0.0
26,0.145,0.0,0,0,0.0,0.0,0.11981566820276497,0.24475524475524477,0.16111111111111112,0.16535433070866143,0.17073170731707318,0.02631578947368421,0.0
27,0.151,0.0,0,0,0.0,0.0,0.1152073732718894,0.2097902097902098,0.2388888888888889,0.16535433070866143,0.17073170731707318,0.0,0.0
28,0.142,0.0,0,0,0.0,0.0,0.12211981566820276,0.23076923076923078,0.15555555555555556,0.1889763779527559,0.0975609756097561,0.0,0.0
29,0.148,0.0,0,0,0.0,0.0,0.12672811059907835,0.22377622377622378,0.21666666666666667,0.12598425196850394,0.14634146341463414,0.0,0.0
30,0.134,0.0,0,0,0.0,0.0,0.10829493087557604,0.24475524475524477,0.18888888888888888,0.12598425196850394,0.04878048780487805,0.0,0.0
31,0.157,0.0,0,0,0.0,0.0,0.15668202764976957,0.1888111888111888,0.19444444444444445,0.1732283464566929,0.0975609756097561,0.0,0.02702702702702703
32,0.151,0.0,0,0,0.0,0.0,0.1359447004608295,0.1888111888111888,0.2,0.1968503937007874,0.07317073170731707,0.0,0.02702702702702703
33,0.125,0.0,0,0,0.0,0.0,0.11981566820276497,0.16783216783216784,0.15,0.13385826771653545,0.12195121951219512,0.0,0.0
34,0.146,0.0,0,0,0.0,0.0,0.1359447004608295,0.1888111888111888,0.2,0.15748031496062992,0.0975609756097561,0.0,0.0
35,0.148,0.0,0,0,0.0,0.0,0.14516129032258066,0.1888111888111888,0.18333333333333332,0.1889763779527559,0.024390243902439025,0.0,0.0
36,0.139,0.0,0,0,0.0,0.0,0.1175115207373272,0.22377622377622378,0.18333333333333332,0.1732283464566929,0.024390243902439025,0.0,0.0
37,0.128,0.0,0,0,0.0,0.0,0.1152073732718894,0.15384615384615385,0.17222222222222222,0.1732283464566929,0.04878048780487805,0.0,0.02702702702702703
38,0.153,0.0,0,0,0.0,0.0,0.0967741935483871,0.23776223776223776,0.22777777777777777,0.2283464566929134,0.14634146341463414,0.0,0.02702702702702703
39,0.147,0.0,0,0,0.0,0.0,0.1543778801843318,0.16083916083916083,0.20555555555555555,0.13385826771653545,0.07317073170731707,0.0,0.0
40,0.145,0.0,0,0,0.0,0.0,0.1497695852534562,0.16783216783216784,0.17777777777777778,0.14960629921259844,0.0975609756097561,0.02631578947368421,0.0
41,0.149,0.0,0,0,0.0,0.0,0.1382488479262673,0.1958041958041958,0.18333333333333332,0.18110236220472442,0.12195121951219512,0.0,0.0
42,0.149,0.0,0,0,0.0,0.0,0.14285714285714285,0.22377622377622378,0.19444444444444445,0.13385826771653545,0.07317073170731707,0.0,0.0
43,0.15,0.0,0,0,0.0,0.0,0.12442396313364056,0.22377622377622378,0.21666666666666667,0.14960629921259844,0.14634146341463414,0.0,0.0
44,0.143,0.0,0,0,0.0,0.0,0.1382488479262673,0.18181818181818182,0.21666666666666667,0.11023622047244094,0.0975609756097561,0.0,0.0
45,0.141,0.0,0,0,0.0,0.0,0.1175115207373272,0.1958041958041958,0.2,0.16535433070866143,0.07317073170731707,0.0,0.05405405405405406
46,0.131,0.0,0,0,0.0,0.0,0.12903225806451613,0.13986013986013987,0.18888888888888888,0.14960629921259844,0.04878048780487805,0.0,0.0
47,0.151,0.0,0,0,0.0,0.0,0.15207373271889402,0.20279720279720279,0.15,0.16535433070866143,0.14634146341463414,0.05263157894736842,0.0
48,0.153,0.0,0,0,0.0,0.0,0.15207373271889402,0.17482517482517482,0.20555555555555555,0.18110236220472442,0.04878048780487805,0.0,0.0
49,0.15,0.0,0,0,0.0,0.0,0.10829493087557604,0.22377622377622378,0.21666666666666667,0.2047244094488189,0.14634146341463414,0.0,0.0
50,0.136,0.0,0,0,0.0,0.0,0.12211981566820276,0.15384615384615385,0.2,0.14173228346456693,0.0975609756097561,0.02631578947368421,0.05405405405405406
51,0.14,0.0,0,0,0.0,0.0,0.12442396313364056,0.15384615384615385,0.2222222222222222,0.15748031496062992,0.0975609756097561,0.0,0.0
52,0.145,0.0,0,0,0.0,0.0,0.11981566820276497,0.21678321678321677,0.2111111111111111,0.14960629921259844,0.12195121951219512,0.0,0.0
53,0.143,0.0,0,0,0.0,0.0,0.14055299539170507,0.16083916083916083,0.17222222222222222,0.15748031496062992,0.1951219512195122,0.0,0.0
54,0.144,0.0,0,0,0.0,0.0,0.1313364055299539,0.18181818181818182,0.17777777777777778,0.1732283464566929,0.14634146341463414,0.02631578947368421,0.0
55,0.137,0.0,0,0,0.0,0.0,0.12672811059907835,0.15384615384615385,0.18888888888888888,0.15748031496062992,0.12195121951219512,0.02631578947368421,0.0
56,0.137,0.0,0,0,0.0,0.0,0.12442396313364056,0.23076923076923078,0.17777777777777778,0.12598425196850394,0.04878048780487805,0.0,0.0
57,0.127,0.0,0,0,0.0,0.0,0.12211981566820276,0.14685314685314685,0.17222222222222222,0.14960629921259844,0.04878048780487805,0.0,0.02702702702702703
58,0.134,0.0,0,0,0.0,0.0,0.12442396313364056,0.2097902097902098,0.17222222222222222,0.10236220472440945,0.14634146341463414,0.0,0.0
59,0.137,0.0,0,0,0.0,0.0,0.14055299539170507,0.15384615384615385,0.16666666666666666,0.16535433070866143,0.07317073170731707,0.0,0.0
60,0.146,0.0,0,0,0.0,0.0,0.1336405529953917,0.2097902097902098,0.15555555555555556,0.2125984251968504,0.07317073170731707,0.0,0.0
61,0.153,0.0,0,0,0.0,0.0,0.1382488479262673,0.23776223776223776,0.19444444444444445,0.14960629921259844,0.12195121951219512,0.0,0.0
62,0.149,0.0,0,0,0.0,0.0,0.1382488479262673,0.17482517482517482,0.20555555555555555,0.16535433070866143,0.14634146341463414,0.0,0.0
63,0.157,0.0,0,0,0.0,0.0,0.1497695852534562,0.20279720279720279,0.23333333333333334,0.11023622047244094,0.14634146341463414,0.0,0.02702702702702703
64,0.143,0.0,0,0,0.0,0.0,0.12672811059907835,0.1958041958041958,0.23333333333333334,0.11023622047244094,0.0975609756097561,0.0,0.0
65,0.141,0.0,0,0,0.0,0.0,0.12903225806451613,0.15384615384615385,0.2,0.16535433070866143,0.12195121951219512,0.0,0.02702702702702703
66,0.144,0.0,0,0,0.0,0.0,0.15207373271889402,0.14685314685314685,0.17777777777777778,0.15748031496062992,0.07317073170731707,0.0,0.05405405405405406
67,0.145,0.0,0,0,0.0,0.0,0.12672811059907835,0.1888111888111888,0.20555555555555555,0.15748031496062992,0.12195121951219512,0.0,0.02702702702702703
68,0.153,0.0,0,0,0.0,0.0,0.1336405529953917,0.23076923076923078,0.2111111111111111,0.14960629921259844,0.12195121951219512,0.0,0.0
69,0.153,0.0,0,0,0.0,0.0,0.1728110599078341,0.13986013986013987,0.19444444444444445,0.14960629921259844,0.0975609756097561,0.0,0.0
70,0.132,0.0,0,0,0.0,0.0,0.12442396313364056,0.13986013986013987,0.18888888888888888,0.16535433070866143,0.07317073170731707,0.0,0.0
71,0.156,0.0,0,0,0.0,0.0,0.14285714285714285,0.22377622377622378,0.22777777777777777,0.14960629921259844,0.04878048780487805,0.0,0.0
72,0.136,0.0,0,0,0.0,0.0,0.11981566820276497,0.1888111888111888,0.2111111111111111,0.10236220472440945,0.0975609756097561,0.02631578947368421,0.02702702702702703
73,0.148,0.0,0,0,0.0,0.0,0.1336405529953917,0.17482517482517482,0.2222222222222222,0.16535433070866143,0.0975609756097561,0.0,0.0
74,0.141,0.0,0,0,0.0,0.0,0.1382488479262673,0.16083916083916083,0.21666666666666667,0.13385826771653545,0.04878048780487805,0.0,0.0
75,0.135,0.0,0,0,0.0,0.0,0.12672811059907835,0.16083916083916083,0.2,0.14960629921259844,0.04878048780487805,0.0,0.0
76,0.147,0.0,0,0,0.0,0.0,0.1359447004608295,0.17482517482517482,0.2,0.18110236220472442,0.07317073170731707,0.02631578947368421,0.0
77,0.137,0.0,0,0,0.0,0.0,0.14285714285714285,0.23076923076923078,0.1111111111111111,0.14173228346456693,0.0975609756097561,0.0,0.0
78,0.146,0.0,0,0,0.0,0.0,0.14746543778801843,0.16783216783216784,0.16666666666666666,0.18110236220472442,0.12195121951219512,0.0,0.0
79,0.135,0.0,0,0,0.0,0.0,0.10368663594470046,0.17482517482517482,0.20555555555555555,0.13385826771653545,0.24390243902439024,0.0,0.02702702702702703
80,0.146,0.0,0,0,0.0,0.0,0.1382488479262673,0.21678321678321677,0.18888888888888888,0.14173228346456693,0.07317073170731707,0.0,0.0
81,0.144,0.0,0,0,0.0,0.0,0.1313364055299539,0.13986013986013987,0.21666666666666667,0.1968503937007874,0.07317073170731707,0.0,0.0
82,0.148,0.0,0,0,0.0,0.0,0.1336405529953917,0.16083916083916083,0.18888888888888888,0.23622047244094488,0.04878048780487805,0.02631578947368421,0.0
83,0.145,0.0,0,0,0.0,0.0,0.1382488479262673,0.13986013986013987,0.19444444444444445,0.18110236220472442,0.14634146341463414,0.02631578947368421,0.0
84,0.16,0.0,0,0,0.0,0.0,0.1336405529953917,0.2097902097902098,0.22777777777777777,0.1968503937007874,0.12195121951219512,0.0,0.02702702702702703
85,0.153,0.0,0,0,0.0,0.0,0.14746543778801843,0.23076923076923078,0.2111111111111111,0.12598425196850394,0.04878048780487805,0.0,0.0
86,0.145,0.0,0,0,0.0,0.0,0.1313364055299539,0.17482517482517482,0.20555555555555555,0.15748031496062992,0.14634146341463414,0.0,0.0
87,0.157,0.0,0,0,0.0,0.0,0.16359447004608296,0.23776223776223776,0.18333333333333332,0.12598425196850394,0.04878048780487805,0.02631578947368421,0.0
88,0.123,0.0,0,0,0.0,0.0,0.10829493087557604,0.16783216783216784,0.18333333333333332,0.11023622047244094,0.0975609756097561,0.0,0.02702702702702703
89,0.151,0.0,0,0,0.0,0.0,0.1382488479262673,0.2097902097902098,0.2111111111111111,0.16535433070866143,0.04878048780487805,0.0,0.0
90,0.151,0.0,0,0,0.0,0.0,0.14746543778801843,0.21678321678321677,0.19444444444444445,0.14173228346456693,0.07317073170731707,0.0,0.0
91,0.147,0.0,0,0,0.0,0.0,0.12903225806451613,0.24475524475524477,0.19444444444444445,0.14960629921259844,0.04878048780487805,0.0,0.0
92,0.148,0.0,0,0,0.0,0.0,0.12442396313364056,0.1888111888111888,0.21666666666666667,0.18110236220472442,0.0975609756097561,0.02631578947368421,0.0
93,0.133,0.0,0,0,0.0,0.0,0.11290322580645161,0.16083916083916083,0.2,0.1732283464566929,0.07317073170731707,0.0,0.0
94,0.149,0.0,0,0,0.0,0.0,0.15668202764976957,0.15384615384615385,0.23333333333333334,0.10236220472440945,0.0975609756097561,0.0,0.0
95,0.15,0.0,0,0,0.0,0.0,0.16129032258064516,0.20279720279720279,0.15555555555555556,0.14173228346456693,0.12195121951219512,0.0,0.0
96,0.155,0.0,0,0,0.0,0.0,0.16589861751152074,0.1888111888111888,0.17222222222222222,0.1732283464566929,0.07317073170731707,0.0,0.0
97,0.16,0.0,0,0,0.0,0.0,0.14516129032258066,0.24475524475524477,0.2222222222222222,0.13385826771653545,0.12195121951219512,0.0,0.0
98,0.148,0.0,0,0,0.0,0.0,0.1382488479262673,0.2097902097902098,0.19444444444444445,0.15748031496062992,0.024390243902439025,0.05263157894736842,0.0
99,0.131,0.0,0,0,0.0,0.0,0.12442396313364056,0.18181818181818182,0.17222222222222222,0.13385826771653545,0.04878048780487805,0.0,0.02702702702702703
100,0.151,0.0,0,0,0.0,0.0,0.17050691244239632,0.11888111888111888,0.15555555555555556,0.2047244094488189,0.14634146341463414,0.0,0.0
101,0.158,0.0,0,0,0.0,0.0,0.14516129032258066,0.23076923076923078,0.2111111111111111,0.15748031496062992,0.04878048780487805,0.02631578947368421,0.02702702702702703
102,0.137,0.0,0,0,0.0,0.0,0.12903225806451613,0.13986013986013987,0.2,0.1732283464566929,0.07317073170731707,0.0,0.0
103,0.155,0.0,0,0,0.0,0.0,0.14746543778801843,0.1888111888111888,0.23333333333333334,0.16535433070866143,0.024390243902439025,0.0,0.0
104,0.146,0.0,0,0,0.0,0.0,0.10829493087557604,0.2097902097902098,0.2111111111111111,0.2125984251968504,0.0975609756097561,0.0,0.0
105,0.143,0.0,0,0,0.0,0.0,0.12903225806451613,0.1888111888111888,0.17222222222222222,0.1889763779527559,0.12195121951219512,0.0,0.0
106,0.162,0.0,0,0,0.0,0.0,0.14516129032258066,0.24475524475524477,0.2,0.1732283464566929,0.12195121951219512,0.0,0.02702702702702703
107,0.146,0.0,0,0,0.0,0.0,0.1359447004608295,0.1958041958041958,0.2222222222222222,0.11023622047244094,0.0975609756097561,0.02631578947368421,0.0
108,0.13,0.0,0,0,0.0,0.0,0.12672811059907835,0.16083916083916083,0.18333333333333332,0.14173228346456693,0.024390243902439025,0.0,0.0
109,0.129,0.0,0,0,0.0,0.0,0.11290322580645161,0.16783216783216784,0.17777777777777778,0.15748031496062992,0.07317073170731707,0.0,0.02702702702702703
110,0.147,0.0,0,0,0.0,0.0,0.14285714285714285,0.17482517482517482,0.2111111111111111,0.14960629921259844,0.07317073170731707,0.0,0.0
111,0.142,0.0,0,0,0.0,0.0,0.1313364055299539,0.16083916083916083,0.20555555555555555,0.12598425196850394,0.14634146341463414,0.02631578947368421,0.05405405405405406
112,0.16,0.0,0,0,0.0,0.0,0.1497695852534562,0.1888111888111888,0.23333333333333334,0.1732283464566929,0.0975609756097561,0.0,0.0
113,0.133,0.0,0,0,0.0,0.0,0.1359447004608295,0.13286713286713286,0.16666666666666666,0.14960629921259844,0.0975609756097561,0.05263157894736842,0.0
114,0.141,0.0,0,0,0.0,0.0,0.12442396313364056,0.16083916083916083,0.21666666666666667,0.18110236220472442,0.024390243902439025,0.0,0.02702702702702703
115,0.138,0.0,0,0,0.0,0.0,0.12211981566820276,0.16783216783216784,0.18888888888888888,0.18110236220472442,0.0975609756097561,0.0,0.0
116,0.144,0.0,0,0,0.0,0.0,0.11981566820276497,0.17482517482517482,0.23333333333333334,0.15748031496062992,0.12195121951219512,0.0,0.0
117,0.134,0.0,0,0,0.0,0.0,0.12211981566820276,0.1958041958041958,0.19444444444444445,0.10236220472440945,0.0975609756097561,0.0,0.02702702702702703
118,0.148,0.0,0,0,0.0,0.0,0.1313364055299539,0.15384615384615385,0.2722222222222222,0.13385826771653545,0.07317073170731707,0.0,0.0
119,0.152,0.0,0,0,0.0,0.0,0.14285714285714285,0.23076923076923078,0.2111111111111111,0.11811023622047244,0.07317073170731707,0.0,0.02702702702702703
120,0.153,0.0,0,0,0.0,0.0,0.1313364055299539,0.2097902097902098,0.19444444444444445,0.16535433070866143,0.1951219512195122,0.02631578947368421,0.02702702702702703
121,0.163,0.0,0,0,0.0,0.0,0.14285714285714285,0.20279720279720279,0.26666666666666666,0.14960629921259844,0.12195121951219512,0.0,0.0
122,0.143,0.0,0,0,0.0,0.0,0.1336405529953917,0.20279720279720279,0.20555555555555555,0.11023622047244094,0.12195121951219512,0.0,0.0
123,0.151,0.0,0,0,0.0,0.0,0.14285714285714285,0.23076923076923078,0.18888888888888888,0.11811023622047244,0.17073170731707318,0.0,0.0
124,0.148,0.0,0,0,0.0,0.0,0.14055299539170507,0.1958041958041958,0.15,0.18110236220472442,0.17073170731707318,0.0,0.05405405405405406
125,0.141,0.0,0,0,0.0,0.0,0.12211981566820276,0.22377622377622378,0.19444444444444445,0.14960629921259844,0.04878048780487805,0.0,0.0
126,0.164,0.0,0,0,0.0,0.0,0.14746543778801843,0.13986013986013987,0.25,0.2283464566929134,0.14634146341463414,0.0,0.0
127,0.144,0.0,0,0,0.0,0.0,0.12903225806451613,0.14685314685314685,0.23333333333333334,0.15748031496062992,0.0975609756097561,0.02631578947368421,0.0
128,0.135,0.0,0,0,0.0,0.0,0.12672811059907835,0.13286713286713286,0.2111111111111111,0.13385826771653545,0.07317073170731707,0.02631578947368421,0.05405405405405406
129,0.141,0.0,0,0,0.0,0.0,0.1175115207373272,0.15384615384615385,0.22777777777777777,0.15748031496062992,0.12195121951219512,0.0,0.05405405405405406
130,0.14,0.0,0,0,0.0,0.0,0.1313364055299539,0.18181818181818182,0.19444444444444445,0.13385826771653545,0.0975609756097561,0.0,0.02702702702702703
131,0.158,0.0,0,0,0.0,0.0,0.17972350230414746,0.16083916083916083,0.18333333333333332,0.14173228346456693,0.12195121951219512,0.0,0.02702702702702703
132,0.144,0.0,0,0,0.0,0.0,0.12903225806451613,0.16783216783216784,0.2111111111111111,0.18110236220472442,0.07317073170731707,0.0,0.0
133,0.142,0.0,0,0,0.0,0.0,0.12672811059907835,0.13286713286713286,0.2388888888888889,0.16535433070866143,0.0975609756097561,0.0,0.0
134,0.127,0.0,0,0,0.0,0.0,0.11059907834101383,0.18181818181818182,0.18888888888888888,0.14960629921259844,0.0,0.0,0.0
135,0.145,0.0,0,0,0.0,0.0,0.14285714285714285,0.1958041958041958,0.16111111111111112,0.13385826771653545,0.12195121951219512,0.05263157894736842,0.05405405405405406
136,0.159,0.0,0,0,0.0,0.0,0.15668202764976957,0.1958041958041958,0.21666666666666667,0.14173228346456693,0.12195121951219512,0.0,0.02702702702702703
137,0.133,0.0,0,0,0.0,0.0,0.12442396313364056,0.16783216783216784,0.18888888888888888,0.11023622047244094,0.14634146341463414,0.02631578947368421,0.0
138,0.131,0.0,0,0,0.0,0.0,0.1313364055299539,0.11888111888111888,0.2111111111111111,0.14173228346456693,0.024390243902439025,0.0,0.0
139,0.144,0.0,0,0,0.0,0.0,0.1313364055299539,0.13286713286713286,0.2111111111111111,0.1889763779527559,0.14634146341463414,0.0,0.0
140,0.145,0.0,0,0,0.0,0.0,0.1359447004608295,0.18181818181818182,0.18888888888888888,0.16535433070866143,0.12195121951219512,0.0,0.0
141,0.173,0.0,0,0,0.0,0.0,0.16589861751152074,0.27972027972027974,0.2,0.18110236220472442,0.024390243902439025,0.02631578947368421,0.0
142,0.16,0.0,0,0,0.0,0.0,0.14516129032258066,0.26573426573426573,0.22777777777777777,0.11811023622047244,0.07317073170731707,0.0,0.0
143,0.144,0.0,0,0,0.0,0.0,0.1175115207373272,0.1958041958041958,0.2222222222222222,0.16535433070866143,0.0975609756097561,0.0,0.0
144,0.163,0.0,0,0,0.0,0.0,0.16129032258064516,0.2097902097902098,0.2111111111111111,0.18110236220472442,0.024390243902439025,0.02631578947368421,0.0
145,0.14,0.0,0,0,0.0,0.0,0.12442396313364056,0.18181818181818182,0.2222222222222222,0.11023622047244094,0.12195121951219512,0.02631578947368421,0.0
146,0.145,0.0,0,0,0.0,0.0,0.14055299539170507,0.13986013986013987,0.2222222222222222,0.14960629921259844,0.12195121951219512,0.0,0.0
147,0.128,0.0,0,0,0.0,0.0,0.10829493087557604,0.16783216783216784,0.18888888888888888,0.13385826771653545,0.12195121951219512,0.0,0.02702702702702703
148,0.153,0.0,0,0,0.0,0.0,0.1313364055299539,0.1958041958041958,0.21666666666666667,0.1968503937007874,0.0975609756097561,0.0,0.0
149,0.144,0.0,0,0,0.0,0.0,0.14285714285714285,0.18181818181818182,0.17777777777777778,0.15748031496062992,0.0975609756097561,0.0,0.0
150,0.142,0.0,0,0,0.0,0.0,0.1359447004608295,0.16783216783216784,0.2111111111111111,0.14173228346456693,0.07317073170731707,0.0,0.0
151,0.143,0.0,0,0,0.0,0.0,0.12903225806451613,0.1958041958041958,0.2111111111111111,0.12598425196850394,0.07317073170731707,0.02631578947368421,0.02702702702702703
152,0.14,0.0,0,0,0.0,0.0,0.1497695852534562,0.13286713286713286,0.19444444444444445,0.13385826771653545,0.0975609756097561,0.0,0.0
153,0.162,0.0,0,0,0.0,0.0,0.15668202764976957,0.21678321678321677,0.22777777777777777,0.13385826771653545,0.12195121951219512,0.0,0.0
154,0.136,0.0,0,0,0.0,0.0,0.12672811059907835,0.17482517482517482,0.2,0.12598425196850394,0.07317073170731707,0.02631578947368421,0.0
155,0.141,0.0,0,0,0.0,0.0,0.1152073732718894,0.16083916083916083,0.20555555555555555,0.2047244094488189,0.12195121951219512,0.0,0.0
156,0.149,0.0,0,0,0.0,0.0,0.1382488479262673,0.22377622377622378,0.14444444444444443,0.18110236220472442,0.17073170731707318,0.02631578947368421,0.0
157,0.153,0.0,0,0,0.0,0.0,0.12442396313364056,0.21678321678321677,0.23333333333333334,0.16535433070866143,0.07317073170731707,0.0,0.05405405405405406
158,0.145,0.0,0,0,0.0,0.0,0.12442396313364056,0.20279720279720279,0.2111111111111111,0.15748031496062992,0.07317073170731707,0.02631578947368421,0.0
159,0.171,0.0,0,0,0.0,0.0,0.14055299539170507,0.22377622377622378,0.26666666666666666,0.18110236220472442,0.14634146341463414,0.0,0.02702702702702703
160,0.156,0.0,0,0,0.0,0.0,0.14285714285714285,0.1888111888111888,0.20555555555555555,0.1732283464566929,0.17073170731707318,0.0,0.02702702702702703
161,0.156,0.0,0,0,0.0,0.0,0.1359447004608295,0.18181818181818182,0.22777777777777777,0.1889763779527559,0.0975609756097561,0.0,0.05405405405405406
162,0.15,0.0,0,0,0.0,0.0,0.1382488479262673,0.18181818181818182,0.2222222222222222,0.16535433070866143,0.07317073170731707,0.0,0.0
163,0.13,0.0,0,0,0.0,0.0,0.1336405529953917,0.16783216783216784,0.19444444444444445,0.09448818897637795,0.024390243902439025,0.0,0.0
164,0.172,0.0,0,0,0.0,0.0,0.1359447004608295,0.26573426573426573,0.2611111111111111,0.1889763779527559,0.0975609756097561,0.0,0.0
165,0.145,0.0,0,0,0.0,0.0,0.12903225806451613,0.1958041958041958,0.20555555555555555,0.15748031496062992,0.0975609756097561,0.0,0.0
166,0.166,0.0,0,0,0.0,0.0,0.15668202764976957,0.1958041958041958,0.22777777777777777,0.1889763779527559,0.07317073170731707,0.02631578947368421,0.02702702702702703
167,0.159,0.0,0,0,0.0,0.0,0.15207373271889402,0.20279720279720279,0.20555555555555555,0.1889763779527559,0.07317073170731707,0.0,0.0
168,0.157,0.0,0,0,0.0,0.0,0.12672811059907835,0.25874125874125875,0.2222222222222222,0.14960629921259844,0.14634146341463414,0.0,0.0
169,0.167,0.0,0,0,0.0,0.0,0.15898617511520738,0.24475524475524477,0.2,0.14960629921259844,0.14634146341463414,0.02631578947368421,0.02702702702702703
170,0.152,0.0,0,0,0.0,0.0,0.12442396313364056,0.2097902097902098,0.19444444444444445,0.1732283464566929,0.1951219512195122,0.0,0.08108108108108109
171,0.15,0.0,0,0,0.0,0.0,0.1175115207373272,0.18181818181818182,0.22777777777777777,0.2125984251968504,0.0975609756097561,0.02631578947368421,0.0
172,0.134,0.0,0,0,0.0,0.0,0.10829493087557604,0.1958041958041958,0.18333333333333332,0.16535433070866143,0.0975609756097561,0.02631578947368421,0.0
173,0.155,0.0,0,0,0.0,0.0,0.14746543778801843,0.16783216783216784,0.15555555555555556,0.2204724409448819,0.1951219512195122,0.0,0.08108108108108109
174,0.165,0.0,0,0,0.0,0.0,0.16820276497695852,0.16783216783216784,0.2222222222222222,0.1732283464566929,0.12195121951219512,0.0,0.02702702702702703
175,0.139,0.0,0,0,0.0,0.0,0.1359447004608295,0.2097902097902098,0.18333333333333332,0.08661417322834646,0.14634146341463414,0.0,0.0
176,0.142,0.0,0,0,0.0,0.0,0.16359447004608296,0.11888111888111888,0.16666666666666666,0.15748031496062992,0.04878048780487805,0.02631578947368421,0.02702702702702703
177,0.157,0.0,0,0,0.0,0.0,0.1336405529953917,0.1888111888111888,0.2388888888888889,0.2047244094488189,0.07317073170731707,0.0,0.0
178,0.138,0.0,0,0,0.0,0.0,0.1359447004608295,0.17482517482517482,0.1388888888888889,0.1889763779527559,0.07317073170731707,0.02631578947368421,0.02702702702702703
179,0.136,0.0,0,0,0.0,0.0,0.12442396313364056,0.1258741258741259,0.19444444444444445,0.1968503937007874,0.07317073170731707,0.02631578947368421,0.0
180,0.154,0.0,0,0,0.0,0.0,0.15207373271889402,0.16083916083916083,0.2111111111111111,0.18110236220472442,0.07317073170731707,0.02631578947368421,0.0
181,0.15,0.0,0,0,0.0,0.0,0.1497695852534562,0.13986013986013987,0.2222222222222222,0.14173228346456693,0.12195121951219512,0.05263157894736842,0.0
182,0.131,0.0,0,0,0.0,0.0,0.12442396313364056,0.13986013986013987,0.17222222222222222,0.18110236220472442,0.07317073170731707,0.0,0.0
183,0.136,0.0,0,0,0.0,0.0,0.12903225806451613,0.15384615384615385,0.2,0.15748031496062992,0.04878048780487805,0.0,0.0
184,0.15,0.0,0,0,0.0,0.0,0.14055299539170507,0.1958041958041958,0.21666666666666667,0.15748031496062992,0.04878048780487805,0.0,0.0
185,0.158,0.0,0,0,0.0,0.0,0.1313364055299539,0.20279720279720279,0.24444444444444444,0.1889763779527559,0.0975609756097561,0.0,0.0
186,0.147,0.0,0,0,0.0,0.0,0.12442396313364056,0.23776223776223776,0.19444444444444445,0.15748031496062992,0.0975609756097561,0.0,0.0
187,0.179,0.0,0,0,0.0,0.0,0.16359447004608296,0.2727272727272727,0.21666666666666667,0.1968503937007874,0.12195121951219512,0.0,0.0
188,0.144,0.0,0,0,0.0,0.0,0.14746543778801843,0.11888111888111888,0.18888888888888888,0.18110236220472442,0.12195121951219512,0.0,0.02702702702702703
189,0.139,0.0,0,0,0.0,0.0,0.1382488479262673,0.17482517482517482,0.16111111111111112,0.1732283464566929,0.07317073170731707,0.0,0.0
190,0.139,0.0,0,0,0.0,0.0,0.1382488479262673,0.14685314685314685,0.18888888888888888,0.1732283464566929,0.04878048780487805,0.0,0.0
191,0.141,0.0,0,0,0.0,0.0,0.14285714285714285,0.1888111888111888,0.15555555555555556,0.14960629921259844,0.12195121951219512,0.0,0.0
192,0.153,0.0,0,0,0.0,0.0,0.1313364055299539,0.14685314685314685,0.25,0.1968503937007874,0.12195121951219512,0.0,0.0
193,0.149,0.0,0,0,0.0,0.0,0.14746543778801843,0.15384615384615385,0.2111111111111111,0.13385826771653545,0.17073170731707318,0.0,0.02702702702702703
194,0.145,0.0,0,0,0.0,0.0,0.14055299539170507,0.11888111888111888,0.18888888888888888,0.1968503937007874,0.0975609756097561,0.05263157894736842,0.05405405405405406
195,0.134,0.0,0,0,0.0,0.0,0.14746543778801843,0.16083916083916083,0.13333333333333333,0.15748031496062992,0.07317073170731707,0.0,0.0
196,0.14,0.0,0,0,0.0,0.0,0.1336405529953917,0.21678321678321677,0.18333333333333332,0.11023622047244094,0.0975609756097561,0.0,0.0
197,0.142,0.0,0,0,0.0,0.0,0.1313364055299539,0.15384615384615385,0.22777777777777777,0.14960629921259844,0.07317073170731707,0.0,0.0
198,0.161,0.0,0,0,0.0,0.0,0.1497695852534562,0.1888111888111888,0.2222222222222222,0.2047244094488189,0.07317073170731707,0.0,0.0
199,0.154,0.0,0,0,0.0,0.0,0.12903225806451613,0.23776223776223776,0.21666666666666667,0.16535433070866143,0.0975609756097561,0.0,0.0
200,0.142,0.0,0,0,0.0,0.0,0.14516129032258066,0.11888111888111888,0.18333333333333332,0.16535433070866143,0.14634146341463414,0.05263157894736842,0.0
201,0.14,0.0,0,0,0.0,0.0,0.12672811059907835,0.21678321678321677,0.17777777777777778,0.14173228346456693,0.07317073170731707,0.02631578947368421,0.0
202,0.151,0.0,0,0,0.0,0.0,0.14055299539170507,0.17482517482517482,0.16666666666666666,0.2677165354330709,0.024390243902439025,0.0,0.0
203,0.147,0.0,0,0,0.0,0.0,0.14055299539170507,0.2097902097902098,0.15555555555555556,0.1889763779527559,0.0975609756097561,0.0,0.0
204,0.15,0.0,0,0,0.0,0.0,0.12672811059907835,0.23776223776223776,0.2,0.15748031496062992,0.12195121951219512,0.0,0.0
205,0.13,0.0,0,0,0.0,0.0,0.11059907834101383,0.1888111888111888,0.17222222222222222,0.14173228346456693,0.12195121951219512,0.02631578947368421,0.0
206,0.151,0.0,0,0,0.0,0.0,0.16359447004608296,0.18181818181818182,0.15,0.1732283464566929,0.12195121951219512,0.0,0.0
207,0.155,0.0,0,0,0.0,0.0,0.1497695852534562,0.15384615384615385,0.2222222222222222,0.1732283464566929,0.14634146341463414,0.0,0.0
208,0.143,0.0,0,0,0.0,0.0,0.1382488479262673,0.16783216783216784,0.18888888888888888,0.15748031496062992,0.0975609756097561,0.0,0.02702702702702703
209,0.135,0.0,0,0,0.0,0.0,0.11290322580645161,0.17482517482517482,0.21666666666666667,0.16535433070866143,0.024390243902439025,0.0,0.0
210,0.139,0.0,0,0,0.0,0.0,0.14746543778801843,0.13986013986013987,0.2111111111111111,0.09448818897637795,0.12195121951219512,0.0,0.0
211,0.148,0.0,0,0,0.0,0.0,0.14516129032258066,0.14685314685314685,0.21666666666666667,0.15748031496062992,0.12195121951219512,0.0,0.0
212,0.158,0.0,0,0,0.0,0.0,0.14285714285714285,0.2097902097902098,0.19444444444444445,0.18110236220472442,0.1951219512195122,0.0,0.0
213,0.147,0.0,0,0,0.0,0.0,0.10138248847926268,0.26573426573426573,0.19444444444444445,0.18110236220472442,0.17073170731707318,0.0,0.0
214,0.156,0.0,0,0,0.0,0.0,0.15898617511520738,0.2517482517482518,0.2,0.08661417322834646,0.0975609756097561,0.0,0.0
215,0.122,0.0,0,0,0.0,0.0,0.10829493087557604,0.21678321678321677,0.14444444444444443,0.11811023622047244,0.07317073170731707,0.0,0.0
216,0.14,0.0,0,0,0.0,0.0,0.12903225806451613,0.20279720279720279,0.17777777777777778,0.15748031496062992,0.07317073170731707,0.0,0.0
217,0.134,0.0,0,0,0.0,0.0,0.1313364055299539,0.13986013986013987,0.16111111111111112,0.18110236220472442,0.12195121951219512,0.0,0.0
218,0.166,0.0,0,0,0.0,0.0,0.17511520737327188,0.15384615384615385,0.24444444444444444,0.14173228346456693,0.14634146341463414,0.0,0.0
219,0.141,0.0,0,0,0.0,0.0,0.12903225806451613,0.23076923076923078,0.15,0.15748031496062992,0.12195121951219512,0.0,0.0
220,0.139,0.0,0,0,0.0,0.0,0.12211981566820276,0.2097902097902098,0.21666666666666667,0.11023622047244094,0.07317073170731707,0.0,0.0
221,0.151,0.0,0,0,0.0,0.0,0.14746543778801843,0.18181818181818182,0.20555555555555555,0.1732283464566929,0.04878048780487805,0.0,0.0
222,0.148,0.0,0,0,0.0,0.0,0.1336405529953917,0.23076923076923078,0.19444444444444445,0.14960629921259844,0.07317073170731707,0.0,0.0
223,0.144,0.0,0,0,0.0,0.0,0.14285714285714285,0.16083916083916083,0.18888888888888888,0.1732283464566929,0.04878048780487805,0.0,0.02702702702702703
224,0.151,0.0,0,0,0.0,0.0,0.1382488479262673,0.1958041958041958,0.2388888888888889,0.12598425196850394,0.0975609756097561,0.0,0.0
225,0.151,0.0,0,0,0.0,0.0,0.15898617511520738,0.2517482517482518,0.15,0.13385826771653545,0.04878048780487805,0.0,0.0
226,0.15,0.0,0,0,0.0,0.0,0.15898617511520738,0.22377622377622378,0.16111111111111112,0.08661417322834646,0.21951219512195122,0.0,0.0
227,0.144,0.0,0,0,0.0,0.0,0.1175115207373272,0.16783216783216784,0.20555555555555555,0.1889763779527559,0.12195121951219512,0.02631578947368421,0.05405405405405406
228,0.154,0.0,0,0,0.0,0.0,0.15207373271889402,0.13286713286713286,0.2222222222222222,0.18110236220472442,0.12195121951219512,0.0,0.02702702702702703
229,0.169,0.0,0,0,0.0,0.0,0.1728110599078341,0.23076923076923078,0.18333333333333332,0.14173228346456693,0.21951219512195122,0.02631578947368421,0.0
230,0.161,0.0,0,0,0.0,0.0,0.1359447004608295,0.14685314685314685,0.26666666666666666,0.2047244094488189,0.14634146341463414,0.02631578947368421,0.0
231,0.155,0.0,0,0,0.0,0.0,0.1497695852534562,0.1958041958041958,0.20555555555555555,0.16535433070866143,0.0975609756097561,0.0,0.0
232,0.153,0.0,0,0,0.0,0.0,0.16129032258064516,0.17482517482517482,0.18888888888888888,0.15748031496062992,0.0975609756097561,0.0,0.0
233,0.147,0.0,0,0,0.0,0.0,0.14285714285714285,0.16783216783216784,0.18333333333333332,0.2047244094488189,0.04878048780487805,0.0,0.0
234,0.164,0.0,0,0,0.0,0.0,0.16820276497695852,0.1258741258741259,0.20555555555555555,0.2440944881889764,0.12195121951219512,0.0,0.0
235,0.148,0.0,0,0,0.0,0.0,0.1382488479262673,0.22377622377622378,0.18333333333333332,0.13385826771653545,0.14634146341463414,0.0,0.0
236,0.14,0.0,0,0,0.0,0.0,0.11981566820276497,0.1888111888111888,0.2,0.1732283464566929,0.07317073170731707,0.0,0.0
237,0.171,0.0,0,0,0.0,0.0,0.16129032258064516,0.24475524475524477,0.18333333333333332,0.1732283464566929,0.2682926829268293,0.0,0.0
238,0.156,0.0,0,0,0.0,0.0,0.14055299539170507,0.2517482517482518,0.17222222222222222,0.1732283464566929,0.12195121951219512,0.02631578947368421,0.0
239,0.151,0.0,0,0,0.0,0.0,0.12442396313364056,0.17482517482517482,0.21666666666666667,0.23622047244094488,0.07317073170731707,0.0,0.0
240,0.146,0.0,0,0,0.0,0.0,0.1543778801843318,0.18181818181818182,0.17222222222222222,0.12598425196850394,0.12195121951219512,0.02631578947368421,0.0
241,0.14,0.0,0,0,0.0,0.0,0.10599078341013825,0.21678321678321677,0.17222222222222222,0.2125984251968504,0.12195121951219512,0.0,0.0
242,0.141,0.0,0,0,0.0,0.0,0.1359447004608295,0.1888111888111888,0.14444444444444443,0.1732283464566929,0.14634146341463414,0.02631578947368421,0.0
243,0.15,0.0,0,0,0.0,0.0,0.1497695852534562,0.2097902097902098,0.16111111111111112,0.1732283464566929,0.0975609756097561,0.0,0.0
244,0.16,0.0,0,0,0.0,0.0,0.1497695852534562,0.16083916083916083,0.2222222222222222,0.1889763779527559,0.12195121951219512,0.05263157894736842,0.02702702702702703
245,0.144,0.0,0,0,0.0,0.0,0.1359447004608295,0.14685314685314685,0.2,0.1732283464566929,0.12195121951219512,0.02631578947368421,0.0
246,0.136,0.0,0,0,0.0,0.0,0.12903225806451613,0.16083916083916083,0.17222222222222222,0.16535433070866143,0.0975609756097561,0.0,0.02702702702702703
247,0.146,0.0,0,0,0.0,0.0,0.1359447004608295,0.18181818181818182,0.18333333333333332,0.1732283464566929,0.12195121951219512,0.02631578947368421,0.0
248,0.16,0.0,0,0,0.0,0.0,0.1543778801843318,0.23076923076923078,0.18888888888888888,0.1968503937007874,0.024390243902439025,0.0,0.0
249,0.157,0.0,0,0,0.0,0.0,0.1382488479262673,0.2097902097902098,0.2222222222222222,0.15748031496062992,0.12195121951219512,0.02631578947368421,0.02702702702702703
250,0.155,0.0,0,0,0.0,0.0,0.1543778801843318,0.1888111888111888,0.2,0.15748031496062992,0.0975609756097561,0.0,0.02702702702702703
251,0.143,0.0,0,0,0.0,0.0,0.1359447004608295,0.11888111888111888,0.21666666666666667,0.1889763779527559,0.0975609756097561,0.0,0.0
252,0.144,0.0,0,0,0.0,0.0,0.1382488479262673,0.1888111888111888,0.2,0.12598425196850394,0.12195121951219512,0.0,0.0
253,0.133,0.0,0,0,0.0,0.0,0.11981566820276497,0.1888111888111888,0.15555555555555556,0.16535433070866143,0.12195121951219512,0.0,0.0
254,0.147,0.0,0,0,0.0,0.0,0.14285714285714285,0.20279720279720279,0.18333333333333332,0.16535433070866143,0.04878048780487805,0.0,0.0
255,0.156,0.0,0,0,0.0,0.0,0.15207373271889402,0.18181818181818182,0.17777777777777778,0.2204724409448819,0.0975609756097561,0.0,0.0
256,0.134,0.0,0,0,0.0,0.0,0.1336405529953917,0.17482517482517482,0.17222222222222222,0.14173228346456693,0.04878048780487805,0.0,0.0
257,0.145,0.0,0,0,0.0,0.0,0.12211981566820276,0.15384615384615385,0.25,0.16535433070866143,0.0975609756097561,0.0,0.0
258,0.133,0.0,0,0,0.0,0.0,0.10599078341013825,0.18181818181818182,0.17777777777777778,0.1889763779527559,0.12195121951219512,0.0,0.0
259,0.159,0.0,0,0,0.0,0.0,0.12903225806451613,0.2097902097902098,0.23333333333333334,0.2283464566929134,0.04878048780487805,0.0,0.0
260,0.142,0.0,0,0,0.0,0.0,0.1382488479262673,0.20279720279720279,0.16666666666666666,0.15748031496062992,0.04878048780487805,0.0,0.02702702702702703
261,0.149,0.0,0,0,0.0,0.0,0.12442396313364056,0.2517482517482518,0.20555555555555555,0.14173228346456693,0.0975609756097561,0.0,0.0
262,0.14,0.0,0,0,0.0,0.0,0.12903225806451613,0.18181818181818182,0.18888888888888888,0.14960629921259844,0.12195121951219512,0.0,0.0
263,0.15,0.0,0,0,0.0,0.0,0.1543778801843318,0.17482517482517482,0.18333333333333332,0.14960629921259844,0.12195121951219512,0.0,0.02702702702702703
264,0.172,0.0,0,0,0.0,0.0,0.15898617511520738,0.2097902097902098,0.2388888888888889,0.1968503937007874,0.12195121951219512,0.0,0.0
265,0.143,0.0,0,0,0.0,0.0,0.11059907834101383,0.2097902097902098,0.20555555555555555,0.1889763779527559,0.07317073170731707,0.02631578947368421,0.0
266,0.162,0.0,0,0,0.0,0.0,0.15207373271889402,0.21678321678321677,0.2,0.1889763779527559,0.07317073170731707,0.05263157894736842,0.0
267,0.145,0.0,0,0,0.0,0.0,0.14516129032258066,0.14685314685314685,0.2222222222222222,0.12598425196850394,0.07317073170731707,0.02631578947368421,0.02702702702702703
268,0.138,0.0,0,0,0.0,0.0,0.12672811059907835,0.16783216783216784,0.2,0.14960629921259844,0.07317073170731707,0.0,0.02702702702702703
269,0.141,0.0,0,0,0.0,0.0,0.14516129032258066,0.16783216783216784,0.19444444444444445,0.13385826771653545,0.04878048780487805,0.0,0.0
270,0.133,0.0,0,0,0.0,0.0,0.12211981566820276,0.17482517482517482,0.18888888888888888,0.15748031496062992,0.024390243902439025,0.0,0.0
271,0.135,0.0,0,0,0.0,0.0,0.1313364055299539,0.13286713286713286,0.20555555555555555,0.14960629921259844,0.07317073170731707,0.0,0.0
272,0.152,0.0,0,0,0.0,0.0,0.1336405529953917,0.21678321678321677,0.17777777777777778,0.1968503937007874,0.0975609756097561,0.02631578947368421,0.02702702702702703
273,0.148,0.0,0,0,0.0,0.0,0.12903225806451613,0.18181818181818182,0.25555555555555554,0.12598425196850394,0.07317073170731707,0.0,0.02702702702702703
274,0.148,0.0,0,0,0.0,0.0,0.15668202764976957,0.16783216783216784,0.2,0.11023622047244094,0.12195121951219512,0.02631578947368421,0.0
275,0.143,0.0,0,0,0.0,0.0,0.1382488479262673,0.16783216783216784,0.16666666666666666,0.18110236220472442,0.14634146341463414,0.0,0.0
276,0.126,0.0,0,0,0.0,0.0,0.10829493087557604,0.1958041958041958,0.16111111111111112,0.15748031496062992,0.04878048780487805,0.0,0.0
277,0.135,0.0,0,0,0.0,0.0,0.10368663594470046,0.21678321678321677,0.18888888888888888,0.14173228346456693,0.17073170731707318,0.0,0.0
278,0.138,0.0,0,0,0.0,0.0,0.1313364055299539,0.1888111888111888,0.18333333333333332,0.14960629921259844,0.04878048780487805,0.0,0.0
279,0.143,0.0,0,0,0.0,0.0,0.12211981566820276,0.20279720279720279,0.18888888888888888,0.14960629921259844,0.14634146341463414,0.0,0.05405405405405406
280,0.139,0.0,0,0,0.0,0.0,0.10368663594470046,0.1958041958041958,0.20555555555555555,0.1889763779527559,0.0975609756097561,0.02631578947368421,0.0
281,0.139,0.0,0,0,0.0,0.0,0.12672811059907835,0.16083916083916083,0.18333333333333332,0.1889763779527559,0.07317073170731707,0.02631578947368421,0.0
282,0.146,0.0,0,0,0.0,0.0,0.14055299539170507,0.16783216783216784,0.19444444444444445,0.16535433070866143,0.12195121951219512,0.0,0.0
283,0.143,0.0,0,0,0.0,0.0,0.1497695852534562,0.11888111888111888,0.19444444444444445,0.15748031496062992,0.14634146341463414,0.0,0.0
284,0.143,0.0,0,0,0.0,0.0,0.12672811059907835,0.2097902097902098,0.17222222222222222,0.18110236220472442,0.07317073170731707,0.02631578947368421,0.0
285,0.162,0.0,0,0,0.0,0.0,0.1497695852534562,0.18181818181818182,0.23333333333333334,0.18110236220472442,0.14634146341463414,0.0,0.0
286,0.14,0.0,0,0,0.0,0.0,0.12211981566820276,0.1958041958041958,0.19444444444444445,0.15748031496062992,0.07317073170731707,0.02631578947368421,0.0
287,0.124,0.0,0,0,0.0,0.0,0.12903225806451613,0.16083916083916083,0.17777777777777778,0.09448818897637795,0.024390243902439025,0.0,0.0
288,0.146,0.0,0,0,0.0,0.0,0.12672811059907835,0.13286713286713286,0.2388888888888889,0.1889763779527559,0.12195121951219512,0.0,0.0
289,0.147,0.0,0,0,0.0,0.0,0.14516129032258066,0.1958041958041958,0.18333333333333332,0.14960629921259844,0.07317073170731707,0.0,0.02702702702702703
290,0.138,0.0,0,0,0.0,0.0,0.12672811059907835,0.14685314685314685,0.18333333333333332,0.2047244094488189,0.07317073170731707,0.0,0.0
291,0.143,0.0,0,0,0.0,0.0,0.1313364055299539,0.1958041958041958,0.2111111111111111,0.12598425196850394,0.07317073170731707,0.0,0.02702702702702703
292,0.148,0.0,0,0,0.0,0.0,0.14516129032258066,0.1958041958041958,0.12777777777777777,0.23622047244094488,0.0975609756097561,0.0,0.0
293,0.164,0.0,0,0,0.0,0.0,0.15207373271889402,0.1888111888111888,0.25,0.1732283464566929,0.0975609756097561,0.0,0.0
294,0.145,0.0,0,0,0.0,0.0,0.1382488479262673,0.15384615384615385,0.22777777777777777,0.15748031496062992,0.04878048780487805,0.0,0.0
295,0.134,0.0,0,0,0.0,0.0,0.11981566820276497,0.16083916083916083,0.2111111111111111,0.11811023622047244,0.12195121951219512,0.0,0.02702702702702703
296,0.127,0.0,0,0,0.0,0.0,0.1152073732718894,0.18181818181818182,0.15555555555555556,0.14960629921259844,0.0975609756097561,0.0,0.0
297,0.142,0.0,0,0,0.0,0.0,0.12672811059907835,0.17482517482517482,0.19444444444444445,0.1732283464566929,0.12195121951219512,0.0,0.0
298,0.15,0.0,0,0,0.0,0.0,0.1382488479262673,0.2097902097902098,0.2111111111111111,0.14173228346456693,0.0975609756097561,0.0,0.0
299,0.128,0.0,0,0,0.0,0.0,0.12672811059907835,0.15384615384615385,0.15,0.14173228346456693,0.0975609756097561,0.02631578947368421,0.02702702702702703
300,0.161,0.0,0,0,0.0,0.0,0.16129032258064516,0.1958041958041958,0.21666666666666667,0.16535433070866143,0.04878048780487805,0.0,0.02702702702702703
301,0.161,0.0,0,0,0.0,0.0,0.17050691244239632,0.16783216783216784,0.21666666666666667,0.14173228346456693,0.07317073170731707,0.02631578947368421,0.05405405405405406
302,0.141,0.0,0,0,0.0,0.0,0.14516129032258066,0.13286713286713286,0.16111111111111112,0.1968503937007874,0.07317073170731707,0.02631578947368421,0.02702702702702703
303,0.15,0.0,0,0,0.0,0.0,0.12211981566820276,0.2097902097902098,0.2111111111111111,0.18110236220472442,0.14634146341463414,0.0,0.0
304,0.159,0.0,0,0,0.0,0.0,0.1359447004608295,0.23076923076923078,0.18888888888888888,0.2125984251968504,0.14634146341463414,0.0,0.0
305,0.161,0.0,0,0,0.0,0.0,0.1543778801843318,0.2097902097902098,0.2111111111111111,0.15748031496062992,0.14634146341463414,0.0,0.0
306,0.164,0.0,0,0,0.0,0.0,0.14516129032258066,0.21678321678321677,0.24444444444444444,0.16535433070866143,0.12195121951219512,0.0,0.0
307,0.156,0.0,0,0,0.0,0.0,0.1382488479262673,0.17482517482517482,0.26666666666666666,0.14960629921259844,0.0975609756097561,0.0,0.0
308,0.147,0.0,0,0,0.0,0.0,0.1313364055299539,0.1888111888111888,0.2222222222222222,0.16535433070866143,0.04878048780487805,0.0,0.0
309,0.16,0.0,0,0,0.0,0.0,0.16589861751152074,0.1888111888111888,0.18333333333333332,0.1889763779527559,0.0975609756097561,0.0,0.0
310,0.142,0.0,0,0,0.0,0.0,0.1313364055299539,0.1888111888111888,0.18888888888888888,0.1732283464566929,0.04878048780487805,0.0,0.0
311,0.15,0.0,0,0,0.0,0.0,0.1382488479262673,0.16783216783216784,0.2222222222222222,0.1889763779527559,0.04878048780487805,0.0,0.0
312,0.155,0.0,0,0,0.0,0.0,0.14055299539170507,0.16083916083916083,0.23333333333333334,0.15748031496062992,0.14634146341463414,0.05263157894736842,0.02702702702702703
313,0.147,0.0,0,0,0.0,0.0,0.14516129032258066,0.1958041958041958,0.17222222222222222,0.13385826771653545,0.17073170731707318,0.02631578947368421,0.0
314,0.135,0.0,0,0,0.0,0.0,0.11981566820276497,0.15384615384615385,0.21666666666666667,0.15748031496062992,0.04878048780487805,0.0,0.0
315,0.138,0.0,0,0,0.0,0.0,0.14055299539170507,0.15384615384615385,0.2388888888888889,0.09448818897637795,0.0,0.0,0.0
316,0.144,0.0,0,0,0.0,0.0,0.1336405529953917,0.23776223776223776,0.17222222222222222,0.11023622047244094,0.17073170731707318,0.0,0.0
317,0.144,0.0,0,0,0.0,0.0,0.1382488479262673,0.18181818181818182,0.17777777777777778,0.1732283464566929,0.0975609756097561,0.0,0.0
318,0.149,0.0,0,0,0.0,0.0,0.12442396313364056,0.22377622377622378,0.20555555555555555,0.18110236220472442,0.07317073170731707,0.0,0.0
319,0.132,0.0,0,0,0.0,0.0,0.09907834101382489,0.1888111888111888,0.2,0.1732283464566929,0.0975609756097561,0.0,0.0
320,0.131,0.0,0,0,0.0,0.0,0.12442396313364056,0.22377622377622378,0.18888888888888888,0.07086614173228346,0.04878048780487805,0.0,0.0
321,0.153,0.0,0,0,0.0,0.0,0.12903225806451613,0.1958041958041958,0.2388888888888889,0.1732283464566929,0.0975609756097561,0.0,0.0
322,0.125,0.0,0,0,0.0,0.0,0.11290322580645161,0.13986013986013987,0.19444444444444445,0.12598425196850394,0.0975609756097561,0.02631578947368421,0.0
323,0.143,0.0,0,0,0.0,0.0,0.14055299539170507,0.1958041958041958,0.18333333333333332,0.13385826771653545,0.04878048780487805,0.02631578947368421,0.02702702702702703
324,0.167,0.0,0,0,0.0,0.0,0.14285714285714285,0.23076923076923078,0.2111111111111111,0.23622047244094488,0.04878048780487805,0.02631578947368421,0.02702702702702703
325,0.139,0.0,0,0,0.0,0.0,0.12903225806451613,0.11888111888111888,0.20555555555555555,0.2047244094488189,0.04878048780487805,0.0,0.02702702702702703
326,0.138,0.0,0,0,0.0,0.0,0.1336405529953917,0.18181818181818182,0.15555555555555556,0.1732283464566929,0.0975609756097561,0.0,0.0
327,0.131,0.0,0,0,0.0,0.0,0.14055299539170507,0.13986013986013987,0.17222222222222222,0.13385826771653545,0.024390243902439025,0.0,0.02702702702702703
328,0.155,0.0,0,0,0.0,0.0,0.14055299539170507,0.13986013986013987,0.25,0.1889763779527559,0.0975609756097561,0.02631578947368421,0.0
329,0.155,0.0,0,0,0.0,0.0,0.16359447004608296,0.16083916083916083,0.2,0.1732283464566929,0.07317073170731707,0.0,0.0
330,0.145,0.0,0,0,0.0,0.0,0.1359447004608295,0.14685314685314685,0.21666666666666667,0.16535433070866143,0.0975609756097561,0.02631578947368421,0.0
331,0.13,0.0,0,0,0.0,0.0,0.10368663594470046,0.16083916083916083,0.2,0.15748031496062992,0.14634146341463414,0.0,0.0
332,0.144,0.0,0,0,0.0,0.0,0.1359447004608295,0.21678321678321677,0.17777777777777778,0.14960629921259844,0.04878048780487805,0.02631578947368421,0.0
333,0.149,0.0,0,0,0.0,0.0,0.1336405529953917,0.15384615384615385,0.20555555555555555,0.2047244094488189,0.14634146341463414,0.0,0.0
334,0.159,0.0,0,0,0.0,0.0,0.14516129032258066,0.1888111888111888,0.2611111111111111,0.14960629921259844,0.04878048780487805,0.0,0.02702702702702703
335,0.147,0.0,0,0,0.0,0.0,0.14516129032258066,0.22377622377622378,0.18333333333333332,0.13385826771653545,0.04878048780487805,0.0,0.0
336,0.171,0.0,0,0,0.0,0.0,0.15898617511520738,0.2097902097902098,0.25,0.1732283464566929,0.12195121951219512,0.0,0.0
337,0.16,0.0,0,0,0.0,0.0,0.15207373271889402,0.16783216783216784,0.22777777777777777,0.2047244094488189,0.07317073170731707,0.0,0.0
338,0.156,0.0,0,0,0.0,0.0,0.14285714285714285,0.23076923076923078,0.17222222222222222,0.1889763779527559,0.12195121951219512,0.02631578947368421,0.0
339,0.135,0.0,0,0,0.0,0.0,0.1313364055299539,0.20279720279720279,0.17222222222222222,0.11023622047244094,0.0975609756097561,0.0,0.0
340,0.154,0.0,0,0,0.0,0.0,0.12211981566820276,0.21678321678321677,0.2388888888888889,0.1732283464566929,0.12195121951219512,0.0,0.0
341,0.134,0.0,0,0,0.0,0.0,0.12211981566820276,0.13986013986013987,0.18888888888888888,0.18110236220472442,0.0975609756097561,0.0,0.0
342,0.16,0.0,0,0,0.0,0.0,0.1359447004608295,0.22377622377622378,0.23333333333333334,0.16535433070866143,0.12195121951219512,0.02631578947368421,0.0
343,0.144,0.0,0,0,0.0,0.0,0.1313364055299539,0.20279720279720279,0.19444444444444445,0.12598425196850394,0.17073170731707318,0.0,0.0
344,0.145,0.0,0,0,0.0,0.0,0.12442396313364056,0.2097902097902098,0.2222222222222222,0.11023622047244094,0.14634146341463414,0.02631578947368421,0.0
345,0.135,0.0,0,0,0.0,0.0,0.1336405529953917,0.15384615384615385,0.15555555555555556,0.1889763779527559,0.07317073170731707,0.0,0.0
346,0.152,0.0,0,0,0.0,0.0,0.12442396313364056,0.23076923076923078,0.19444444444444445,0.1889763779527559,0.12195121951219512,0.0,0.02702702702702703
347,0.138,0.0,0,0,0.0,0.0,0.10368663594470046,0.1888111888111888,0.2111111111111111,0.16535433070866143,0.17073170731707318,0.0,0.0
348,0.137,0.0,0,0,0.0,0.0,0.1313364055299539,0.1888111888111888,0.16111111111111112,0.18110236220472442,0.024390243902439025,0.0,0.0
349,0.137,0.0,0,0,0.0,0.0,0.12211981566820276,0.15384615384615385,0.18888888888888888,0.1968503937007874,0.07317073170731707,0.0,0.0
350,0.141,0.0,0,0,0.0,0.0,0.1313364055299539,0.16783216783216784,0.17222222222222222,0.2047244094488189,0.07317073170731707,0.0,0.0
351,0.148,0.0,0,0,0.0,0.0,0.14285714285714285,0.15384615384615385,0.18888888888888888,0.2125984251968504,0.04878048780487805,0.02631578947368421,0.0
352,0.13,0.0,0,0,0.0,0.0,0.0967741935483871,0.23776223776223776,0.18888888888888888,0.12598425196850394,0.07317073170731707,0.02631578947368421,0.0
353,0.152,0.0,0,0,0.0,0.0,0.14285714285714285,0.1958041958041958,0.21666666666666667,0.13385826771653545,0.12195121951219512,0.0,0.02702702702702703
354,0.145,0.0,0,0,0.0,0.0,0.1313364055299539,0.21678321678321677,0.19444444444444445,0.15748031496062992,0.04878048780487805,0.0,0.0
355,0.127,0.0,0,0,0.0,0.0,0.1175115207373272,0.16783216783216784,0.2,0.11811023622047244,0.024390243902439025,0.0,0.0
356,0.153,0.0,0,0,0.0,0.0,0.15207373271889402,0.15384615384615385,0.2111111111111111,0.15748031496062992,0.14634146341463414,0.02631578947368421,0.0
357,0.142,0.0,0,0,0.0,0.0,0.1175115207373272,0.1958041958041958,0.25555555555555554,0.09448818897637795,0.12195121951219512,0.0,0.0
358,0.147,0.0,0,0,0.0,0.0,0.14516129032258066,0.18181818181818182,0.18333333333333332,0.1889763779527559,0.024390243902439025,0.0,0.0
359,0.152,0.0,0,0,0.0,0.0,0.1175115207373272,0.1888111888111888,0.26666666666666666,0.15748031496062992,0.14634146341463414,0.0,0.0
360,0.132,0.0,0,0,0.0,0.0,0.14746543778801843,0.15384615384615385,0.1388888888888889,0.10236220472440945,0.14634146341463414,0.02631578947368421,0.02702702702702703
361,0.152,0.0,0,0,0.0,0.0,0.14055299539170507,0.20279720279720279,0.2,0.15748031496062992,0.12195121951219512,0.0,0.02702702702702703
362,0.158,0.0,0,0,0.0,0.0,0.14516129032258066,0.20279720279720279,0.22777777777777777,0.16535433070866143,0.0975609756097561,0.0,0.0
363,0.136,0.0,0,0,0.0,0.0,0.14055299539170507,0.1258741258741259,0.18888888888888888,0.16535433070866143,0.04878048780487805,0.0,0.0
364,0.147,0.0,0,0,0.0,0.0,0.14516129032258066,0.15384615384615385,0.25,0.11811023622047244,0.04878048780487805,0.0,0.0
365,0.154,0.0,0,0,0.0,0.0,0.1382488479262673,0.16083916083916083,0.25555555555555554,0.1889763779527559,0.024390243902439025,0.0,0.0
